,Unnamed: 0,created_at,author_id,id,text,casefolding,tokenizing,tokens_fdist,tweet_tokens_WSW,tweet_tokens_stemmed
0,0,2022-04-12T07:36:24.000Z,1208623711311421441,1513783073930100741,"@democrazymedia Percayalah pung ,aroganmu akan ada balasannya,Jokowi memang tidak terdata korupsi tapi aparaturnya juara,ini era Jokowi pung bukan di era SBYüôè.","@democrazymedia percayalah pung ,aroganmu akan ada balasannya,jokowi memang tidak terdata korupsi tapi aparaturnya juara,ini era jokowi pung bukan di era sbyüôè.","['percayalah', 'pung', 'aroganmu', 'akan', 'ada', 'balasannyajokowi', 'memang', 'tidak', 'terdata', 'korupsi', 'tapi', 'aparaturnya', 'juaraini', 'era', 'jokowi', 'pung', 'bukan', 'di', 'era', 'sby']",<FreqDist with 18 samples and 20 outcomes>,"['percayalah', 'aroganmu', 'balasannyajokowi', 'terdata', 'korupsi', 'aparaturnya', 'juaraini', 'era', 'jokowi', 'era', 'sby']","['percaya', 'arogan', 'balasannyajokowi', 'data', 'korupsi', 'aparatur', 'juaraini', 'era', 'jokowi', 'era', 'sby']"
1,1,2022-04-12T07:36:04.000Z,1484365795853762560,1513782992703213571,@ariandi6031 Jokowi juga disebut senang melihat sudah,@ariandi6031 jokowi juga disebut senang melihat sudah,"['jokowi', 'juga', 'disebut', 'senang', 'melihat', 'sudah']",<FreqDist with 6 samples and 6 outcomes>,"['jokowi', 'senang']","['jokowi', 'senang']"
2,2,2022-04-12T07:35:59.000Z,1485483913728630784,1513782970066554883,@ariandi6031 menyebut Presiden Joko Widodo (Jokowi),@ariandi6031 menyebut presiden joko widodo (jokowi),"['menyebut', 'presiden', 'joko', 'widodo', 'jokowi']",<FreqDist with 5 samples and 5 outcomes>,"['menyebut', 'presiden', 'joko', 'widodo', 'jokowi']","['sebut', 'presiden', 'joko', 'widodo', 'jokowi']"
3,3,2022-04-12T07:35:58.000Z,1100628763065217024,1513782965364408320,@PartaiSocmed @jokowi Memaksakan proyek mercusuar disaat terjadi krisis. Hmm kok mirip hari2 terakhirnya Soekarno ya ü§î,@partaisocmed @jokowi memaksakan proyek mercusuar disaat terjadi krisis. hmm kok mirip hari2 terakhirnya soekarno ya ü§î,"['memaksakan', 'proyek', 'mercusuar', 'disaat', 'terjadi', 'krisis', 'hmm', 'kok', 'mirip', 'hari', 'terakhirnya', 'soekarno', 'ya']",<FreqDist with 13 samples and 13 outcomes>,"['memaksakan', 'proyek', 'mercusuar', 'disaat', 'krisis', 'hmm', 'terakhirnya', 'soekarno']","['paksa', 'proyek', 'mercusuar', 'saat', 'krisis', 'hmm', 'akhir', 'soekarno']"
4,4,2022-04-12T07:35:52.000Z,1499073498483884033,1513782940479602691,Siap dukung Pembangunan IKN #IKN #Jokowi #Indonesia https://t.co/kIa7uokMWw,siap dukung pembangunan ikn #ikn #jokowi #indonesia https://t.co/kia7uokmww,"['siap', 'dukung', 'pembangunan', 'ikn']",<FreqDist with 4 samples and 4 outcomes>,"['dukung', 'pembangunan', 'ikn']","['dukung', 'bangun', 'ikn']"
5,5,2022-04-12T07:35:49.000Z,570130322,1513782927045591047,@AAPurba1 Gak ada yg mau turunkan itu. Sebodoh2nya org mana mau oak jokowi turun. Hehehhr..... provokasi nih ye.,@aapurba1 gak ada yg mau turunkan itu. sebodoh2nya org mana mau oak jokowi turun. hehehhr..... provokasi nih ye.,"['gak', 'ada', 'yg', 'mau', 'turunkan', 'itu', 'sebodohnya', 'org', 'mana', 'mau', 'oak', 'jokowi', 'turun', 'hehehhr', 'provokasi', 'nih', 'ye']",<FreqDist with 16 samples and 17 outcomes>,"['turunkan', 'sebodohnya', 'org', 'oak', 'jokowi', 'turun', 'hehehhr', 'provokasi', 'ye']","['turun', 'bodoh', 'org', 'oak', 'jokowi', 'turun', 'hehehhr', 'provokasi', 'ye']"
6,6,2022-04-12T07:35:47.000Z,1190358136604872704,1513782921911758854,"@RadarKorupsi @jokowi Yg ngomong menteri2 utama senior dia, yg dukung partai koalisi dia, yg bikin ulah kepala2 desa se Indonesia yg dia undang k Jkt, yg mewacanakan orang2 dia, terus giliran memanas yg d salahkan rakyat n masyarakat yg demo dia.. 

Negara lucu syekali. Terus msh aj ada yg bela dia..","@radarkorupsi @jokowi yg ngomong menteri2 utama senior dia, yg dukung partai koalisi dia, yg bikin ulah kepala2 desa se indonesia yg dia undang k jkt, yg mewacanakan orang2 dia, terus giliran memanas yg d salahkan rakyat n masyarakat yg demo dia.. 

negara lucu syekali. terus msh aj ada yg bela dia..","['yg', 'ngomong', 'menteri', 'utama', 'senior', 'dia', 'yg', 'dukung', 'partai', 'koalisi', 'dia', 'yg', 'bikin', 'ulah', 'kepala', 'desa', 'se', 'indonesia', 'yg', 'dia', 'undang', 'jkt', 'yg', 'mewacanakan', 'orang', 'dia', 'terus', 'giliran', 'memanas', 'yg', 'salahkan', 'rakyat', 'masyarakat', 'yg', 'demo', 'dia', 'negara', 'lucu', 'syekali', 'terus', 'msh', 'aj', 'ada', 'yg', 'bela', 'dia']",<FreqDist with 33 samples and 46 outcomes>,"['ngomong', 'menteri', 'utama', 'senior', 'dukung', 'partai', 'koalisi', 'ulah', 'kepala', 'desa', 'indonesia', 'undang', 'jkt', 'mewacanakan', 'orang', 'giliran', 'memanas', 'salahkan', 'rakyat', 'masyarakat', 'demo', 'negara', 'lucu', 'syekali', 'msh', 'aj', 'bela']","['ngomong', 'menteri', 'utama', 'senior', 'dukung', 'partai', 'koalisi', 'ulah', 'kepala', 'desa', 'indonesia', 'undang', 'jkt', 'wacana', 'orang', 'gilir', 'panas', 'salah', 'rakyat', 'masyarakat', 'demo', 'negara', 'lucu', 'syekali', 'msh', 'aj', 'bela']"
7,7,2022-04-12T07:35:46.000Z,1326215588532809728,1513782916597579781,"@jokowi @DPR_RI @mprgoid @DivHumas_Polri  Pemerintah harus tegas untuk memajukan suatu negara, diperlukan kedisiplinan dan ketegasan. Jangan sampai pemerintah hilang wibawa terhadap apapun, karena itu celah suatu negara yg dianggap lemah.
#BersamaPastiBisa","@jokowi @dpr_ri @mprgoid @divhumas_polri  pemerintah harus tegas untuk memajukan suatu negara, diperlukan kedisiplinan dan ketegasan. jangan sampai pemerintah hilang wibawa terhadap apapun, karena itu celah suatu negara yg dianggap lemah.
#bersamapastibisa","['ri', 'polri', 'pemerintah', 'harus', 'tegas', 'untuk', 'memajukan', 'suatu', 'negara', 'diperlukan', 'kedisiplinan', 'dan', 'ketegasan', 'jangan', 'sampai', 'pemerintah', 'hilang', 'wibawa', 'terhadap', 'apapun', 'karena', 'itu', 'celah', 'suatu', 'negara', 'yg', 'dianggap', 'lemah']",<FreqDist with 25 samples and 28 outcomes>,"['ri', 'polri', 'pemerintah', 'memajukan', 'negara', 'kedisiplinan', 'ketegasan', 'pemerintah', 'hilang', 'wibawa', 'apapun', 'celah', 'negara', 'dianggap', 'lemah']","['ri', 'polri', 'perintah', 'maju', 'negara', 'disiplin', 'tegas', 'perintah', 'hilang', 'wibawa', 'apa', 'celah', 'negara', 'anggap', 'lemah']"
8,8,2022-04-12T07:35:46.000Z,1305651550497382400,1513782915901292549,@hasyim_arbi @Ayah_angga_ Kamu bego emang nya selama ada Jokowi Indonesia maju?gk lh,@hasyim_arbi @ayah_angga_ kamu bego emang nya selama ada jokowi indonesia maju?gk lh,"['arbi', 'angga', 'kamu', 'bego', 'emang', 'nya', 'selama', 'ada', 'jokowi', 'indonesia', 'majugk', 'lh']",<FreqDist with 12 samples and 12 outcomes>,"['arbi', 'angga', 'bego', 'emang', 'jokowi', 'indonesia', 'majugk', 'lh']","['arbi', 'angga', 'bego', 'emang', 'jokowi', 'indonesia', 'majugk', 'lh']"
9,9,2022-04-12T07:35:42.000Z,18129942,1513782900877295620,Jokowi resmi melantik 7 anggota Komisi Pemilihan Umum (KPU) dan 5 anggota Badan Pengawas Pemilu (Bawaslu) periode 2022-2027. #TempoNasional https://t.co/NocBEhPlcr,jokowi resmi melantik 7 anggota komisi pemilihan umum (kpu) dan 5 anggota badan pengawas pemilu (bawaslu) periode 2022-2027. #temponasional https://t.co/nocbehplcr,"['jokowi', 'resmi', 'melantik', 'anggota', 'komisi', 'pemilihan', 'umum', 'kpu', 'dan', 'anggota', 'badan', 'pengawas', 'pemilu', 'bawaslu', 'periode']",<FreqDist with 14 samples and 15 outcomes>,"['jokowi', 'resmi', 'melantik', 'anggota', 'komisi', 'pemilihan', 'kpu', 'anggota', 'badan', 'pengawas', 'pemilu', 'bawaslu', 'periode']","['jokowi', 'resmi', 'lantik', 'anggota', 'komisi', 'pilih', 'kpu', 'anggota', 'badan', 'awas', 'milu', 'bawaslu', 'periode']"
10,10,2022-04-12T07:35:41.000Z,1310287386811625472,1513782892857823234,@TalimbungThomas @ChusnulCh__ @jokowi @mohmahfudmd @ListyoSigitP Kadrun gk pernah membantai para jendral.,@talimbungthomas @chusnulch__ @jokowi @mohmahfudmd @listyosigitp kadrun gk pernah membantai para jendral.,"['kadrun', 'gk', 'pernah', 'membantai', 'para', 'jendral']",<FreqDist with 6 samples and 6 outcomes>,"['kadrun', 'gk', 'membantai', 'jendral']","['kadrun', 'gk', 'bantai', 'jendral']"
11,11,2022-04-12T07:35:36.000Z,817543418,1513782872179875843,"Pak Jokowi simpan kontak pak Luhut pakai nama apa ya? Bang Luhut? Ketua Luhut? Atau, HarusCepatdiBalas?","pak jokowi simpan kontak pak luhut pakai nama apa ya? bang luhut? ketua luhut? atau, haruscepatdibalas?","['pak', 'jokowi', 'simpan', 'kontak', 'pak', 'luhut', 'pakai', 'nama', 'apa', 'ya', 'bang', 'luhut', 'ketua', 'luhut', 'atau', 'haruscepatdibalas']",<FreqDist with 13 samples and 16 outcomes>,"['jokowi', 'simpan', 'kontak', 'luhut', 'pakai', 'nama', 'bang', 'luhut', 'ketua', 'luhut', 'haruscepatdibalas']","['jokowi', 'simpan', 'kontak', 'luhut', 'pakai', 'nama', 'bang', 'luhut', 'ketua', 'luhut', 'haruscepatdibalas']"
12,12,2022-04-12T07:35:31.000Z,952820028839088128,1513782851677810693,CC @Puspen_TNI @tni_ad @_TNIAU Monggo utk Pak presiden @jokowi @KemensetnegRI ini ada istri oknum TNI..üëáüëá https://t.co/A9lV6A4SWp,cc @puspen_tni @tni_ad @_tniau monggo utk pak presiden @jokowi @kemensetnegri ini ada istri oknum tni..üëáüëá https://t.co/a9lv6a4swp,"['cc', 'tni', 'ad', 'tniau', 'monggo', 'utk', 'pak', 'presiden', 'ini', 'ada', 'istri', 'oknum', 'tni']",<FreqDist with 12 samples and 13 outcomes>,"['cc', 'tni', 'ad', 'tniau', 'monggo', 'presiden', 'istri', 'oknum', 'tni']","['cc', 'tni', 'ad', 'tniau', 'monggo', 'presiden', 'istri', 'oknum', 'tni']"
13,13,2022-04-12T07:35:22.000Z,1289557085688983552,1513782815204147200,@CNNIndonesia Kami turut bergembira bersama pak Jokowi üëçüòÑ https://t.co/4bYSMpKanh,@cnnindonesia kami turut bergembira bersama pak jokowi üëçüòÑ https://t.co/4bysmpkanh,"['kami', 'turut', 'bergembira', 'bersama', 'pak', 'jokowi']",<FreqDist with 6 samples and 6 outcomes>,"['bergembira', 'jokowi']","['gembira', 'jokowi']"
14,14,2022-04-12T07:35:22.000Z,1345296547341168640,1513782813438349313,"Presiden Jokowi Serahkan Zakat kepada Baznas 

 https://t.co/3oNIXzczfU","presiden jokowi serahkan zakat kepada baznas 

 https://t.co/3onixzczfu","['presiden', 'jokowi', 'serahkan', 'zakat', 'kepada', 'baznas']",<FreqDist with 6 samples and 6 outcomes>,"['presiden', 'jokowi', 'serahkan', 'zakat', 'baznas']","['presiden', 'jokowi', 'serah', 'zakat', 'baznas']"
15,15,2022-04-12T07:35:22.000Z,1005669152,1513782813425868801,@Fahrihamzah Kemarin bilang jokowi menang lebih baik,@fahrihamzah kemarin bilang jokowi menang lebih baik,"['kemarin', 'bilang', 'jokowi', 'menang', 'lebih', 'baik']",<FreqDist with 6 samples and 6 outcomes>,"['kemarin', 'jokowi', 'menang']","['kemarin', 'jokowi', 'menang']"
16,16,2022-04-12T07:35:19.000Z,811066196170637312,1513782801715195910,"Hai, Aku membagikan wisata dari aplikasi Desa Wisata Nusantara
https://t.co/kiLMSGZCYl
#DesaWisataNusantara
@jokowi 
@halimiskandarnu
@Kemendespdtt
@malik_haramain
@imansyukri
@taufikmadjid71
@yusradaridesa
@Pusat_PPMD
@tppkemendes
@tppi_p3mdbkl
@tppbenteng
@sonymekson https://t.co/LixWQwDh9B","hai, aku membagikan wisata dari aplikasi desa wisata nusantara
https://t.co/kilmsgzcyl
#desawisatanusantara
@jokowi 
@halimiskandarnu
@kemendespdtt
@malik_haramain
@imansyukri
@taufikmadjid71
@yusradaridesa
@pusat_ppmd
@tppkemendes
@tppi_p3mdbkl
@tppbenteng
@sonymekson https://t.co/lixwqwdh9b","['hai', 'aku', 'membagikan', 'wisata', 'dari', 'aplikasi', 'desa', 'wisata', 'nusantara', 'haramain', 'ppmd', 'pmdbkl']",<FreqDist with 11 samples and 12 outcomes>,"['hai', 'membagikan', 'wisata', 'aplikasi', 'desa', 'wisata', 'nusantara', 'haramain', 'ppmd', 'pmdbkl']","['hai', 'bagi', 'wisata', 'aplikasi', 'desa', 'wisata', 'nusantara', 'haramain', 'ppmd', 'pmdbkl']"
17,17,2022-04-12T07:35:19.000Z,1403878890552975360,1513782801522638848,"@setkabgoid @rief_ww_apg @jokowi Alhamdulillah pak jkw sehat2, kirain presidennya udah ganti","@setkabgoid @rief_ww_apg @jokowi alhamdulillah pak jkw sehat2, kirain presidennya udah ganti","['wwapg', 'alhamdulillah', 'pak', 'jkw', 'sehat', 'kirain', 'presidennya', 'udah', 'ganti']",<FreqDist with 9 samples and 9 outcomes>,"['wwapg', 'alhamdulillah', 'jkw', 'sehat', 'kirain', 'presidennya', 'udah', 'ganti']","['wwapg', 'alhamdulillah', 'jkw', 'sehat', 'kirain', 'presiden', 'udah', 'ganti']"
18,18,2022-04-12T07:35:18.000Z,2392460208,1513782797215105025,DUKUNGAN BERDATANGAN! Seknas Jokowi Minta Polisi Usut Tunas Pengeroyokan... https://t.co/fupkvUgAFb,dukungan berdatangan! seknas jokowi minta polisi usut tunas pengeroyokan... https://t.co/fupkvugafb,"['dukungan', 'berdatangan', 'seknas', 'jokowi', 'minta', 'polisi', 'usut', 'tunas', 'pengeroyokan']",<FreqDist with 9 samples and 9 outcomes>,"['dukungan', 'seknas', 'jokowi', 'polisi', 'usut', 'tunas', 'pengeroyokan']","['dukung', 'seknas', 'jokowi', 'polisi', 'usut', 'tunas', 'keroyok']"
19,19,2022-04-12T07:35:03.000Z,1186946650595418116,1513782733520408579,"VIDEO: Serahkan Zakat di Istana, Jokowi Ingatkan Pejabat Bayar Kewajiban Zakat Lewat Baznas https://t.co/htKtJifacR","video: serahkan zakat di istana, jokowi ingatkan pejabat bayar kewajiban zakat lewat baznas https://t.co/htktjifacr","['video', 'serahkan', 'zakat', 'di', 'istana', 'jokowi', 'ingatkan', 'pejabat', 'bayar', 'kewajiban', 'zakat', 'lewat', 'baznas']",<FreqDist with 12 samples and 13 outcomes>,"['video', 'serahkan', 'zakat', 'istana', 'jokowi', 'ingatkan', 'pejabat', 'bayar', 'kewajiban', 'zakat', 'baznas']","['video', 'serah', 'zakat', 'istana', 'jokowi', 'ingat', 'jabat', 'bayar', 'wajib', 'zakat', 'baznas']"
20,20,2022-04-12T07:34:59.000Z,1499012286303727618,1513782718156644353,"@jokowi Loh pak ....
Di luar sana lagi demo pak....
Nyari in bapak......","@jokowi loh pak ....
di luar sana lagi demo pak....
nyari in bapak......","['loh', 'pak', 'di', 'luar', 'sana', 'lagi', 'demo', 'pak', 'nyari', 'in', 'bapak']",<FreqDist with 10 samples and 11 outcomes>,"['demo', 'nyari', 'in']","['demo', 'nyari', 'in']"
21,21,2022-04-12T07:34:48.000Z,836061515513896960,1513782672686198786,"7 Komplotan Produsen Hoaxs PARASIT DI BUMI PERTIWI

Waspadai Gerakan Mereka , Petakan dan BASMI

CC. @Kepolisian_RI @mohmahfudmd @PolhukamRI @Kemhan_RI @Puspen_TNI @Kemenkumham_RI 

Dan Yang Mulia Mr President Of The Great Indonesia ! Mr @jokowi https://t.co/V6TOMCGBYB","7 komplotan produsen hoaxs parasit di bumi pertiwi

waspadai gerakan mereka , petakan dan basmi

cc. @kepolisian_ri @mohmahfudmd @polhukamri @kemhan_ri @puspen_tni @kemenkumham_ri 

dan yang mulia mr president of the great indonesia ! mr @jokowi https://t.co/v6tomcgbyb","['komplotan', 'produsen', 'hoaxs', 'parasit', 'di', 'bumi', 'pertiwi', 'waspadai', 'gerakan', 'mereka', 'petakan', 'dan', 'basmi', 'cc', 'ri', 'ri', 'tni', 'ri', 'dan', 'yang', 'mulia', 'mr', 'president', 'of', 'the', 'great', 'indonesia', 'mr']",<FreqDist with 24 samples and 28 outcomes>,"['komplotan', 'produsen', 'hoaxs', 'parasit', 'bumi', 'pertiwi', 'waspadai', 'gerakan', 'petakan', 'basmi', 'cc', 'ri', 'ri', 'tni', 'ri', 'mulia', 'mr', 'president', 'of', 'the', 'great', 'indonesia', 'mr']","['komplot', 'produsen', 'hoaxs', 'parasit', 'bumi', 'pertiwi', 'waspada', 'gera', 'peta', 'basmi', 'cc', 'ri', 'ri', 'tni', 'ri', 'mulia', 'mr', 'president', 'of', 'the', 'great', 'indonesia', 'mr']"
22,22,2022-04-12T07:34:33.000Z,384163908,1513782608542732288,"Penanggulangan jawab setiap demo harus jelas IDnya begitu juga koorlap nya. Jika terjadi anarkis dan adanya korban di TKP demo, mereka harus bertanggung jawab penuh atas pengobatan dan kerusakan lain yg diakibatkan olehnya scr materil dan immateril.
@jokowi @ListyoSigitP @_TNIAD","penanggulangan jawab setiap demo harus jelas idnya begitu juga koorlap nya. jika terjadi anarkis dan adanya korban di tkp demo, mereka harus bertanggung jawab penuh atas pengobatan dan kerusakan lain yg diakibatkan olehnya scr materil dan immateril.
@jokowi @listyosigitp @_tniad","['penanggulangan', 'jawab', 'setiap', 'demo', 'harus', 'jelas', 'idnya', 'begitu', 'juga', 'koorlap', 'nya', 'jika', 'terjadi', 'anarkis', 'dan', 'adanya', 'korban', 'di', 'tkp', 'demo', 'mereka', 'harus', 'bertanggung', 'jawab', 'penuh', 'atas', 'pengobatan', 'dan', 'kerusakan', 'lain', 'yg', 'diakibatkan', 'olehnya', 'scr', 'materil', 'dan', 'immateril', 'tniad']",<FreqDist with 33 samples and 38 outcomes>,"['penanggulangan', 'demo', 'idnya', 'koorlap', 'anarkis', 'korban', 'tkp', 'demo', 'bertanggung', 'penuh', 'pengobatan', 'kerusakan', 'diakibatkan', 'scr', 'materil', 'immateril', 'tniad']","['tanggulang', 'demo', 'idnya', 'koorlap', 'anarkis', 'korban', 'tkp', 'demo', 'tanggung', 'penuh', 'obat', 'rusa', 'akibat', 'scr', 'materil', 'immateril', 'tniad']"
23,23,2022-04-12T07:34:25.000Z,954015449984811010,1513782574744698882,"#SahabatBawaslu Presiden Republik Indonesia Joko Widodo (Jokowi) melantik lima pimpinan Bawaslu Periode 2022-2027 di Istana Negara Jakarta, Selasa (12/4/2022).

Selamat mengemban amanah dalam mengawal demokrasi Indonesia

#PimpinanBaruBawaslu
#BawasluBaru
#BawasluMengawasi https://t.co/PXvzDXrx6J","#sahabatbawaslu presiden republik indonesia joko widodo (jokowi) melantik lima pimpinan bawaslu periode 2022-2027 di istana negara jakarta, selasa (12/4/2022).

selamat mengemban amanah dalam mengawal demokrasi indonesia

#pimpinanbarubawaslu
#bawaslubaru
#bawaslumengawasi https://t.co/pxvzdxrx6j","['presiden', 'republik', 'indonesia', 'joko', 'widodo', 'jokowi', 'melantik', 'lima', 'pimpinan', 'bawaslu', 'periode', 'di', 'istana', 'negara', 'jakarta', 'selasa', 'selamat', 'mengemban', 'amanah', 'dalam', 'mengawal', 'demokrasi', 'indonesia']",<FreqDist with 22 samples and 23 outcomes>,"['presiden', 'republik', 'indonesia', 'joko', 'widodo', 'jokowi', 'melantik', 'pimpinan', 'bawaslu', 'periode', 'istana', 'negara', 'jakarta', 'selasa', 'selamat', 'mengemban', 'amanah', 'mengawal', 'demokrasi', 'indonesia']","['presiden', 'republik', 'indonesia', 'joko', 'widodo', 'jokowi', 'lantik', 'pimpin', 'bawaslu', 'periode', 'istana', 'negara', 'jakarta', 'selasa', 'selamat', 'emban', 'amanah', 'awal', 'demokrasi', 'indonesia']"
24,24,2022-04-12T07:34:24.000Z,136476619,1513782572479832067,AMJM Minta Jangan Terkecoh Stetmen Presiden Jokowi https://t.co/GdRTNklU5Y,amjm minta jangan terkecoh stetmen presiden jokowi https://t.co/gdrtnklu5y,"['amjm', 'minta', 'jangan', 'terkecoh', 'stetmen', 'presiden', 'jokowi']",<FreqDist with 7 samples and 7 outcomes>,"['amjm', 'terkecoh', 'stetmen', 'presiden', 'jokowi']","['amjm', 'kecoh', 'stetmen', 'presiden', 'jokowi']"
25,25,2022-04-12T07:34:24.000Z,349358100,1513782571334778880,"BEM UI mengunggah video meme Presiden Jokowi dengan menyematkan tulisan 'Menuju Indonesia Mundur', sebagai cerminan berbagai isu yang tengah terjadi. #CNNIndonesia #detikNetwork  https://t.co/Wj42ZIGiZ3","bem ui mengunggah video meme presiden jokowi dengan menyematkan tulisan 'menuju indonesia mundur', sebagai cerminan berbagai isu yang tengah terjadi. #cnnindonesia #detiknetwork  https://t.co/wj42zigiz3","['bem', 'ui', 'mengunggah', 'video', 'meme', 'presiden', 'jokowi', 'dengan', 'menyematkan', 'tulisan', 'menuju', 'indonesia', 'mundur', 'sebagai', 'cerminan', 'berbagai', 'isu', 'yang', 'tengah', 'terjadi']",<FreqDist with 20 samples and 20 outcomes>,"['bem', 'ui', 'mengunggah', 'video', 'meme', 'presiden', 'jokowi', 'menyematkan', 'tulisan', 'indonesia', 'mundur', 'cerminan', 'isu']","['bem', 'ui', 'unggah', 'video', 'meme', 'presiden', 'jokowi', 'semat', 'tulis', 'indonesia', 'mundur', 'cermin', 'isu']"
26,26,2022-04-12T07:34:24.000Z,1369573838007062535,1513782570659778563,"@arifbsantoso @mbahndi @rezagunawan @kemenhub151 @kemendagri @satgascovid19id @PerekonomianRI @erickthohir @jokowi @PNS_Ababil @KemenkesRI coba lu di posisi toke yg udah terlanjur impor masker,reagen,vaksin dlm skala besar..dapettinnya pun berdarah2..duit super gede terlanjur keluar..
yg ngasih influence bisnis pasti deg2an kan dimaki2 si toke kalo sampe gagal ROI+laba","@arifbsantoso @mbahndi @rezagunawan @kemenhub151 @kemendagri @satgascovid19id @perekonomianri @erickthohir @jokowi @pns_ababil @kemenkesri coba lu di posisi toke yg udah terlanjur impor masker,reagen,vaksin dlm skala besar..dapettinnya pun berdarah2..duit super gede terlanjur keluar..
yg ngasih influence bisnis pasti deg2an kan dimaki2 si toke kalo sampe gagal roi+laba","['ababil', 'coba', 'lu', 'di', 'posisi', 'toke', 'yg', 'udah', 'terlanjur', 'impor', 'maskerreagenvaksin', 'dlm', 'skala', 'besardapettinnya', 'pun', 'berdarahduit', 'super', 'gede', 'terlanjur', 'keluar', 'yg', 'ngasih', 'influence', 'bisnis', 'pasti', 'degan', 'kan', 'dimaki', 'si', 'toke', 'kalo', 'sampe', 'gagal', 'roilaba']",<FreqDist with 31 samples and 34 outcomes>,"['ababil', 'coba', 'lu', 'posisi', 'toke', 'udah', 'terlanjur', 'impor', 'maskerreagenvaksin', 'dlm', 'skala', 'besardapettinnya', 'berdarahduit', 'super', 'gede', 'terlanjur', 'ngasih', 'influence', 'bisnis', 'degan', 'dimaki', 'toke', 'sampe', 'gagal', 'roilaba']","['ababil', 'coba', 'lu', 'posisi', 'toke', 'udah', 'lanjur', 'impor', 'maskerreagenvaksin', 'dlm', 'skala', 'besardapettinnya', 'berdarahduit', 'super', 'gede', 'lanjur', 'ngasih', 'influence', 'bisnis', 'degan', 'maki', 'toke', 'sampe', 'gagal', 'roilaba']"
27,27,2022-04-12T07:34:23.000Z,3827798354,1513782567639859201,"@hyang_wisnu @kemkominfo @PlateJohnny @jokowi @setkabgoid @Aryprasetyo85 @zhekoes @sangamei @D_N4bil5 @Urrangawak @soen_cak @DS_yantie @03__nakula Delegasi negara anggota G20 mengusulkan untuk mempertimbangkan aspek di luar teknis teknologi informasi dan komunikasi dalam isu ini.
@kemkominfo @PlateJohnny","@hyang_wisnu @kemkominfo @platejohnny @jokowi @setkabgoid @aryprasetyo85 @zhekoes @sangamei @d_n4bil5 @urrangawak @soen_cak @ds_yantie @03__nakula delegasi negara anggota g20 mengusulkan untuk mempertimbangkan aspek di luar teknis teknologi informasi dan komunikasi dalam isu ini.
@kemkominfo @platejohnny","['wisnu', 'nbil', 'cak', 'yantie', 'nakula', 'delegasi', 'negara', 'anggota', 'mengusulkan', 'untuk', 'mempertimbangkan', 'aspek', 'di', 'luar', 'teknis', 'teknologi', 'informasi', 'dan', 'komunikasi', 'dalam', 'isu', 'ini']",<FreqDist with 22 samples and 22 outcomes>,"['wisnu', 'nbil', 'cak', 'yantie', 'nakula', 'delegasi', 'negara', 'anggota', 'mengusulkan', 'mempertimbangkan', 'aspek', 'teknis', 'teknologi', 'informasi', 'komunikasi', 'isu']","['wisnu', 'nbil', 'cak', 'yantie', 'nakula', 'delegasi', 'negara', 'anggota', 'usul', 'timbang', 'aspek', 'teknis', 'teknologi', 'informasi', 'komunikasi', 'isu']"
28,28,2022-04-12T07:34:14.000Z,217376888,1513782530704510985,"@detikcom Kalo mau menilai sesuatu itu mundur atau maju ya harus disepakati dulu patokan titik awalnya dimana, dan asumsi saya adik2 mahasiswa ini pake patokan yg dipake adalah awal Jokowi jadi presiden di 2014? ü§î era Pepo dong ya yg jd acuan? üòÅ","@detikcom kalo mau menilai sesuatu itu mundur atau maju ya harus disepakati dulu patokan titik awalnya dimana, dan asumsi saya adik2 mahasiswa ini pake patokan yg dipake adalah awal jokowi jadi presiden di 2014? ü§î era pepo dong ya yg jd acuan? üòÅ","['kalo', 'mau', 'menilai', 'sesuatu', 'itu', 'mundur', 'atau', 'maju', 'ya', 'harus', 'disepakati', 'dulu', 'patokan', 'titik', 'awalnya', 'dimana', 'dan', 'asumsi', 'saya', 'adik', 'mahasiswa', 'ini', 'pake', 'patokan', 'yg', 'dipake', 'adalah', 'awal', 'jokowi', 'jadi', 'presiden', 'di', 'era', 'pepo', 'dong', 'ya', 'yg', 'jd', 'acuan']",<FreqDist with 36 samples and 39 outcomes>,"['menilai', 'mundur', 'maju', 'disepakati', 'patokan', 'titik', 'dimana', 'asumsi', 'adik', 'mahasiswa', 'pake', 'patokan', 'dipake', 'jokowi', 'presiden', 'era', 'pepo', 'acuan']","['nilai', 'mundur', 'maju', 'pakat', 'patok', 'titik', 'mana', 'asumsi', 'adik', 'mahasiswa', 'pake', 'patok', 'dipake', 'jokowi', 'presiden', 'era', 'pepo', 'acu']"
29,29,2022-04-12T07:34:10.000Z,1207132092699533312,1513782512954187780,@kiwalipitu @sehat_roemah @jokowi @ganjarpranowo @hputrasoeharto yo nmax 250,@kiwalipitu @sehat_roemah @jokowi @ganjarpranowo @hputrasoeharto yo nmax 250,"['roemah', 'yo', 'nmax']",<FreqDist with 3 samples and 3 outcomes>,"['roemah', 'yo', 'nmax']","['roemah', 'yo', 'nmax']"
30,30,2022-04-12T07:34:06.000Z,1100283395521708037,1513782494621241344,"@ipungvice1 @CNNIndonesia @cakimiNOW 1. Iya Jokowi membiarkan wacana 3 periode semakin berkembang, mentri2 dan partai koalisi aktif menggalang dukungan. 
2. Jika Jokowi 3 periode d anggap kebebasan pendapat, maka turunkan Jokowi jg pendapat om.. Boleh2 aja toh d sampaikan..kan bisa Jokowi turun secara konstitusi üòÅ","@ipungvice1 @cnnindonesia @cakiminow 1. iya jokowi membiarkan wacana 3 periode semakin berkembang, mentri2 dan partai koalisi aktif menggalang dukungan. 
2. jika jokowi 3 periode d anggap kebebasan pendapat, maka turunkan jokowi jg pendapat om.. boleh2 aja toh d sampaikan..kan bisa jokowi turun secara konstitusi üòÅ","['iya', 'jokowi', 'membiarkan', 'wacana', 'periode', 'semakin', 'berkembang', 'mentri', 'dan', 'partai', 'koalisi', 'aktif', 'menggalang', 'dukungan', 'jika', 'jokowi', 'periode', 'anggap', 'kebebasan', 'pendapat', 'maka', 'turunkan', 'jokowi', 'jg', 'pendapat', 'om', 'boleh', 'aja', 'toh', 'sampaikankan', 'bisa', 'jokowi', 'turun', 'secara', 'konstitusi']",<FreqDist with 30 samples and 35 outcomes>,"['iya', 'jokowi', 'membiarkan', 'wacana', 'periode', 'berkembang', 'mentri', 'partai', 'koalisi', 'aktif', 'menggalang', 'dukungan', 'jokowi', 'periode', 'anggap', 'kebebasan', 'pendapat', 'turunkan', 'jokowi', 'jg', 'pendapat', 'om', 'sampaikankan', 'jokowi', 'turun', 'konstitusi']","['iya', 'jokowi', 'biar', 'wacana', 'periode', 'kembang', 'tri', 'partai', 'koalisi', 'aktif', 'galang', 'dukung', 'jokowi', 'periode', 'anggap', 'bebas', 'dapat', 'turun', 'jokowi', 'jg', 'dapat', 'om', 'sampaikankan', 'jokowi', 'turun', 'konstitusi']"
31,31,2022-04-12T07:33:59.000Z,847372542830444544,1513782469002407938,Sah! Jokowi Lantik Komisioner KPU &amp; Bawaslu Periode 2022-2027 https://t.co/X8vORzp7Fn,sah! jokowi lantik komisioner kpu &amp; bawaslu periode 2022-2027 https://t.co/x8vorzp7fn,"['sah', 'jokowi', 'lantik', 'komisioner', 'kpu', 'amp', 'bawaslu', 'periode']",<FreqDist with 8 samples and 8 outcomes>,"['sah', 'jokowi', 'lantik', 'komisioner', 'kpu', 'bawaslu', 'periode']","['sah', 'jokowi', 'lantik', 'komisioner', 'kpu', 'bawaslu', 'periode']"
32,32,2022-04-12T07:33:53.000Z,737975088,1513782440388853763,@baratmoscow @nadrpalupi @ChusnulCh__ @DivHumas_Polri @ListyoSigitP Sebagai nonmuslim Kapolri yang sekarang ini tidak akan berani bertindak tegas terhadap kaum radikal @jokowi @ListyoSigitP @DlVHUMASPOLRI @mohmahfudmd @Dr_Moeldoko,@baratmoscow @nadrpalupi @chusnulch__ @divhumas_polri @listyosigitp sebagai nonmuslim kapolri yang sekarang ini tidak akan berani bertindak tegas terhadap kaum radikal @jokowi @listyosigitp @dlvhumaspolri @mohmahfudmd @dr_moeldoko,"['polri', 'sebagai', 'nonmuslim', 'kapolri', 'yang', 'sekarang', 'ini', 'tidak', 'akan', 'berani', 'bertindak', 'tegas', 'terhadap', 'kaum', 'radikal', 'moeldoko']",<FreqDist with 16 samples and 16 outcomes>,"['polri', 'nonmuslim', 'kapolri', 'berani', 'bertindak', 'kaum', 'radikal', 'moeldoko']","['polri', 'nonmuslim', 'kapolri', 'berani', 'tindak', 'kaum', 'radikal', 'moeldoko']"
33,33,2022-04-12T07:33:48.000Z,1358629920084094976,1513782422143631364,"@RamliRizal Uraa,,bravo mr.jokowi,selesaikan semua proyek proyek mangkrak,sampai akhir masa jabatanya","@ramlirizal uraa,,bravo mr.jokowi,selesaikan semua proyek proyek mangkrak,sampai akhir masa jabatanya","['uraabravo', 'mrjokowiselesaikan', 'semua', 'proyek', 'proyek', 'mangkraksampai', 'akhir', 'masa', 'jabatanya']",<FreqDist with 8 samples and 9 outcomes>,"['uraabravo', 'mrjokowiselesaikan', 'proyek', 'proyek', 'mangkraksampai', 'jabatanya']","['uraabravo', 'mrjokowiselesaikan', 'proyek', 'proyek', 'mangkraksampai', 'jabatanya']"
34,34,2022-04-12T07:33:46.000Z,952820028839088128,1513782410495758336,Ayooooooo..Pak Jendral ini Istri TNI kurang ajaaar @Puspen_TNI @tni_ad  bukankah kemarin sudah di ingatkan olih Pak presiden @jokowi masalah begini..üëáüëá https://t.co/A9lV6A4SWp,ayooooooo..pak jendral ini istri tni kurang ajaaar @puspen_tni @tni_ad  bukankah kemarin sudah di ingatkan olih pak presiden @jokowi masalah begini..üëáüëá https://t.co/a9lv6a4swp,"['ayooooooopak', 'jendral', 'ini', 'istri', 'tni', 'kurang', 'ajaaar', 'tni', 'ad', 'bukankah', 'kemarin', 'sudah', 'di', 'ingatkan', 'olih', 'pak', 'presiden', 'masalah', 'begini']",<FreqDist with 18 samples and 19 outcomes>,"['ayooooooopak', 'jendral', 'istri', 'tni', 'ajaaar', 'tni', 'ad', 'kemarin', 'ingatkan', 'olih', 'presiden']","['ayooooooopak', 'jendral', 'istri', 'tni', 'ajaaar', 'tni', 'ad', 'kemarin', 'ingat', 'olih', 'presiden']"
35,35,2022-04-12T07:33:38.000Z,1289557085688983552,1513782380938477569,@TaufikDamas Kami turut bergembira bersama pak Jokowi üòÑüòÅ https://t.co/fg0QSjDaW8,@taufikdamas kami turut bergembira bersama pak jokowi üòÑüòÅ https://t.co/fg0qsjdaw8,"['kami', 'turut', 'bergembira', 'bersama', 'pak', 'jokowi']",<FreqDist with 6 samples and 6 outcomes>,"['bergembira', 'jokowi']","['gembira', 'jokowi']"
36,36,2022-04-12T07:33:38.000Z,353820289,1513782379751821312,"@rase_nakano @jokowi Eh tolol justru di jaman @jokowi ini Indonesia di buat gaduh,coba klo presiden ny bukan Jokowi Indonesia aman tentram sejahtera!!","@rase_nakano @jokowi eh tolol justru di jaman @jokowi ini indonesia di buat gaduh,coba klo presiden ny bukan jokowi indonesia aman tentram sejahtera!!","['nakano', 'eh', 'tolol', 'justru', 'di', 'jaman', 'ini', 'indonesia', 'di', 'buat', 'gaduhcoba', 'klo', 'presiden', 'ny', 'bukan', 'jokowi', 'indonesia', 'aman', 'tentram', 'sejahtera']",<FreqDist with 18 samples and 20 outcomes>,"['nakano', 'eh', 'tolol', 'jaman', 'indonesia', 'gaduhcoba', 'presiden', 'jokowi', 'indonesia', 'aman', 'tentram', 'sejahtera']","['nakano', 'eh', 'tolol', 'jaman', 'indonesia', 'gaduhcoba', 'presiden', 'jokowi', 'indonesia', 'aman', 'tentram', 'sejahtera']"
37,37,2022-04-12T07:33:38.000Z,817724394294214657,1513782379105914884,"@andrinof_a_ch @ferrykoto Yang Biadab itu,, Pendukung Jokowi,, Karena Membunuh dan Menyiksa pihak OPOSISI dan Anggota FPI,, Ade Armando Masih Hidup,, https://t.co/n5OHwKiqrp","@andrinof_a_ch @ferrykoto yang biadab itu,, pendukung jokowi,, karena membunuh dan menyiksa pihak oposisi dan anggota fpi,, ade armando masih hidup,, https://t.co/n5ohwkiqrp","['ach', 'yang', 'biadab', 'itu', 'pendukung', 'jokowi', 'karena', 'membunuh', 'dan', 'menyiksa', 'pihak', 'oposisi', 'dan', 'anggota', 'fpi', 'ade', 'armando', 'masih', 'hidup']",<FreqDist with 18 samples and 19 outcomes>,"['ach', 'biadab', 'pendukung', 'jokowi', 'membunuh', 'menyiksa', 'oposisi', 'anggota', 'fpi', 'ade', 'armando', 'hidup']","['ach', 'biadab', 'dukung', 'jokowi', 'bunuh', 'siksa', 'oposisi', 'anggota', 'fpi', 'ade', 'armando', 'hidup']"
38,38,2022-04-12T07:33:35.000Z,1489448466489036801,1513782367747547137,"@QFORA_Official This is excellent project for the future with strong team, a transparent, planned and project roadmap. it will be successfulI. Always be waiting for the progress of this project. To the moo
@jokowi @prabowo @dedicorebelde","@qfora_official this is excellent project for the future with strong team, a transparent, planned and project roadmap. it will be successfuli. always be waiting for the progress of this project. to the moo
@jokowi @prabowo @dedicorebelde","['official', 'this', 'is', 'excellent', 'project', 'for', 'the', 'future', 'with', 'strong', 'team', 'transparent', 'planned', 'and', 'project', 'roadmap', 'it', 'will', 'be', 'successfuli', 'always', 'be', 'waiting', 'for', 'the', 'progress', 'of', 'this', 'project', 'to', 'the', 'moo']",<FreqDist with 25 samples and 32 outcomes>,"['official', 'this', 'is', 'excellent', 'project', 'for', 'the', 'future', 'with', 'strong', 'team', 'transparent', 'planned', 'and', 'project', 'roadmap', 'it', 'will', 'be', 'successfuli', 'always', 'be', 'waiting', 'for', 'the', 'progress', 'of', 'this', 'project', 'to', 'the', 'moo']","['official', 'this', 'is', 'excellent', 'project', 'for', 'the', 'future', 'with', 'strong', 'team', 'transparent', 'planned', 'and', 'project', 'roadmap', 'it', 'will', 'be', 'successfuli', 'always', 'be', 'waiting', 'for', 'the', 'progress', 'of', 'this', 'project', 'to', 'the', 'moo']"
39,39,2022-04-12T07:33:33.000Z,1490686767867269120,1513782356536016900,"Rakyat bela jokowi 

Rakyat yang mane?? Rakyat buzzer?","rakyat bela jokowi 

rakyat yang mane?? rakyat buzzer?","['rakyat', 'bela', 'jokowi', 'rakyat', 'yang', 'mane', 'rakyat', 'buzzer']",<FreqDist with 6 samples and 8 outcomes>,"['rakyat', 'bela', 'jokowi', 'rakyat', 'mane', 'rakyat', 'buzzer']","['rakyat', 'bela', 'jokowi', 'rakyat', 'mane', 'rakyat', 'buzzer']"
40,40,2022-04-12T07:33:27.000Z,2531325416,1513782331412123649,"Presiden Jokowi Terima Laporan Tahunan 2021 Ombudsman RI

Presiden Joko Widodo menerima para pimpinan Ombudsman Republik Indonesia di Istana Merdeka, Jakarta, pada Selasa, 12 April 2022. https://t.co/Vxtb9buPLU","presiden jokowi terima laporan tahunan 2021 ombudsman ri

presiden joko widodo menerima para pimpinan ombudsman republik indonesia di istana merdeka, jakarta, pada selasa, 12 april 2022. https://t.co/vxtb9buplu","['presiden', 'jokowi', 'terima', 'laporan', 'tahunan', 'ombudsman', 'ri', 'presiden', 'joko', 'widodo', 'menerima', 'para', 'pimpinan', 'ombudsman', 'republik', 'indonesia', 'di', 'istana', 'merdeka', 'jakarta', 'pada', 'selasa', 'april']",<FreqDist with 21 samples and 23 outcomes>,"['presiden', 'jokowi', 'terima', 'laporan', 'tahunan', 'ombudsman', 'ri', 'presiden', 'joko', 'widodo', 'menerima', 'pimpinan', 'ombudsman', 'republik', 'indonesia', 'istana', 'merdeka', 'jakarta', 'selasa', 'april']","['presiden', 'jokowi', 'terima', 'lapor', 'tahun', 'ombudsman', 'ri', 'presiden', 'joko', 'widodo', 'terima', 'pimpin', 'ombudsman', 'republik', 'indonesia', 'istana', 'merdeka', 'jakarta', 'selasa', 'april']"
41,41,2022-04-12T07:33:27.000Z,1439532368482742273,1513782331269533697,@ChusnulCh__ @mohmahfudmd @ListyoSigitP @jokowi https://t.co/qN9fpBNlNY,@chusnulch__ @mohmahfudmd @listyosigitp @jokowi https://t.co/qn9fpbnlny,[],<FreqDist with 0 samples and 0 outcomes>,[],[]
42,42,2022-04-12T07:33:22.000Z,395984870,1513782310466125826,"@keuangannews_id siapa bilang??

cukong2 sama buzzer masih butuh jokowi terutama buzzer.... bisa gak makan mereka hahaha","@keuangannews_id siapa bilang??

cukong2 sama buzzer masih butuh jokowi terutama buzzer.... bisa gak makan mereka hahaha","['id', 'siapa', 'bilang', 'cukong', 'sama', 'buzzer', 'masih', 'butuh', 'jokowi', 'terutama', 'buzzer', 'bisa', 'gak', 'makan', 'mereka', 'hahaha']",<FreqDist with 15 samples and 16 outcomes>,"['id', 'cukong', 'buzzer', 'butuh', 'jokowi', 'buzzer', 'makan', 'hahaha']","['id', 'cukong', 'buzzer', 'butuh', 'jokowi', 'buzzer', 'makan', 'hahaha']"
43,43,2022-04-12T07:33:14.000Z,213594933,1513782276290596865,@Maya83206301 @chusnulch_ @DavidWijaya82 @TomCruzz555 Kalau pemerintah 'tidak berani' menangkap dan menghukum berat para provokator aksi kemarin terutama yang ingin menjatuhkan pak Jokowi maka secara tidak langsung pihak pengacau sudah menang dan pasti besok2 akan ada lagi aksi kekerasan seperti itu dimuka umum.#SayaPercayaJokowi,@maya83206301 @chusnulch_ @davidwijaya82 @tomcruzz555 kalau pemerintah 'tidak berani' menangkap dan menghukum berat para provokator aksi kemarin terutama yang ingin menjatuhkan pak jokowi maka secara tidak langsung pihak pengacau sudah menang dan pasti besok2 akan ada lagi aksi kekerasan seperti itu dimuka umum.#sayapercayajokowi,"['kalau', 'pemerintah', 'tidak', 'berani', 'menangkap', 'dan', 'menghukum', 'berat', 'para', 'provokator', 'aksi', 'kemarin', 'terutama', 'yang', 'ingin', 'menjatuhkan', 'pak', 'jokowi', 'maka', 'secara', 'tidak', 'langsung', 'pihak', 'pengacau', 'sudah', 'menang', 'dan', 'pasti', 'besok', 'akan', 'ada', 'lagi', 'aksi', 'kekerasan', 'seperti', 'itu', 'dimuka', 'umum']",<FreqDist with 35 samples and 38 outcomes>,"['pemerintah', 'berani', 'menangkap', 'menghukum', 'berat', 'provokator', 'aksi', 'kemarin', 'menjatuhkan', 'jokowi', 'langsung', 'pengacau', 'menang', 'besok', 'aksi', 'kekerasan', 'dimuka']","['perintah', 'berani', 'tangkap', 'hukum', 'berat', 'provokator', 'aksi', 'kemarin', 'jatuh', 'jokowi', 'langsung', 'acau', 'menang', 'besok', 'aksi', 'keras', 'muka']"
44,44,2022-04-12T07:33:11.000Z,86908023,1513782266991886336,{Terkini} Presiden Jokowi lantik Anggota KPU dan Bawaslu periode 2022-2027 https://t.co/Aa95oPMBfA,{terkini} presiden jokowi lantik anggota kpu dan bawaslu periode 2022-2027 https://t.co/aa95opmbfa,"['terkini', 'presiden', 'jokowi', 'lantik', 'anggota', 'kpu', 'dan', 'bawaslu', 'periode']",<FreqDist with 9 samples and 9 outcomes>,"['terkini', 'presiden', 'jokowi', 'lantik', 'anggota', 'kpu', 'bawaslu', 'periode']","['kini', 'presiden', 'jokowi', 'lantik', 'anggota', 'kpu', 'bawaslu', 'periode']"
45,45,2022-04-12T07:33:04.000Z,297229975,1513782234368540674,"@Ridanulantary1 @Arief_2792 @HerawanBoma @VICE_ID @jokowi Mba, maaf sebelumnya. Apakah berbicara didasari atas bukti? Bahaya menyebarkan opini tanpa dasar bukti yg kuat.","@ridanulantary1 @arief_2792 @herawanboma @vice_id @jokowi mba, maaf sebelumnya. apakah berbicara didasari atas bukti? bahaya menyebarkan opini tanpa dasar bukti yg kuat.","['id', 'mba', 'maaf', 'sebelumnya', 'apakah', 'berbicara', 'didasari', 'atas', 'bukti', 'bahaya', 'menyebarkan', 'opini', 'tanpa', 'dasar', 'bukti', 'yg', 'kuat']",<FreqDist with 16 samples and 17 outcomes>,"['id', 'mba', 'maaf', 'berbicara', 'didasari', 'bukti', 'bahaya', 'menyebarkan', 'opini', 'dasar', 'bukti', 'kuat']","['id', 'mba', 'maaf', 'bicara', 'dasar', 'bukti', 'bahaya', 'sebar', 'opini', 'dasar', 'bukti', 'kuat']"
46,46,2022-04-12T07:32:59.000Z,1497587210799185923,1513782214219415555,@ariandi6031 Jokowi Berulang Kali Tolak Perpanjangan Masa Jabatan,@ariandi6031 jokowi berulang kali tolak perpanjangan masa jabatan,"['jokowi', 'berulang', 'kali', 'tolak', 'perpanjangan', 'masa', 'jabatan']",<FreqDist with 7 samples and 7 outcomes>,"['jokowi', 'berulang', 'kali', 'tolak', 'perpanjangan', 'jabatan']","['jokowi', 'ulang', 'kali', 'tolak', 'panjang', 'jabat']"
47,47,2022-04-12T07:32:58.000Z,98910062,1513782210729771011,@PartaiSocmed @jokowi Kalo resesi butuhnya cash?,@partaisocmed @jokowi kalo resesi butuhnya cash?,"['kalo', 'resesi', 'butuhnya', 'cash']",<FreqDist with 4 samples and 4 outcomes>,"['resesi', 'butuhnya', 'cash']","['resesi', 'butuh', 'cash']"
48,48,2022-04-12T07:32:56.000Z,1396063466096500737,1513782203284877314,@ariandi6031 joss gandos pak jokowi,@ariandi6031 joss gandos pak jokowi,"['joss', 'gandos', 'pak', 'jokowi']",<FreqDist with 4 samples and 4 outcomes>,"['joss', 'gandos', 'jokowi']","['joss', 'gandos', 'jokowi']"
49,49,2022-04-12T07:32:49.000Z,1488783159206752259,1513782175296278532,@ariandi6031 Semoga bisa 3 periode Aamiin...namun pasti tergantung bagaimana Takdir diri Pak Jokowi yg dikehendaki ALLAH kepadanya.,@ariandi6031 semoga bisa 3 periode aamiin...namun pasti tergantung bagaimana takdir diri pak jokowi yg dikehendaki allah kepadanya.,"['semoga', 'bisa', 'periode', 'aamiinnamun', 'pasti', 'tergantung', 'bagaimana', 'takdir', 'diri', 'pak', 'jokowi', 'yg', 'dikehendaki', 'allah', 'kepadanya']",<FreqDist with 15 samples and 15 outcomes>,"['semoga', 'periode', 'aamiinnamun', 'tergantung', 'takdir', 'jokowi', 'dikehendaki', 'allah']","['moga', 'periode', 'aamiinnamun', 'gantung', 'takdir', 'jokowi', 'hendak', 'allah']"
50,50,2022-04-12T07:32:43.000Z,1284414133845151745,1513782148326637569,Jokowi Resmi Lantik 7 Anggota KPU dan 5 Bawaslu 2022-2027 https://t.co/top1OCg16l,jokowi resmi lantik 7 anggota kpu dan 5 bawaslu 2022-2027 https://t.co/top1ocg16l,"['jokowi', 'resmi', 'lantik', 'anggota', 'kpu', 'dan', 'bawaslu']",<FreqDist with 7 samples and 7 outcomes>,"['jokowi', 'resmi', 'lantik', 'anggota', 'kpu', 'bawaslu']","['jokowi', 'resmi', 'lantik', 'anggota', 'kpu', 'bawaslu']"
51,51,2022-04-12T07:32:42.000Z,1284414133845151745,1513782142513422336,Jokowi Tetapkan Santunan Pelepasan Tanah Musnah untuk Proyek Cair 2 Hari https://t.co/H3cyymaltX,jokowi tetapkan santunan pelepasan tanah musnah untuk proyek cair 2 hari https://t.co/h3cyymaltx,"['jokowi', 'tetapkan', 'santunan', 'pelepasan', 'tanah', 'musnah', 'untuk', 'proyek', 'cair', 'hari']",<FreqDist with 10 samples and 10 outcomes>,"['jokowi', 'tetapkan', 'santunan', 'pelepasan', 'tanah', 'musnah', 'proyek', 'cair']","['jokowi', 'tetap', 'santun', 'lepas', 'tanah', 'musnah', 'proyek', 'cair']"
52,52,2022-04-12T07:32:41.000Z,1396062910204416003,1513782140843925505,@ariandi6031 pakde jokowi nolak jabatan 3 periode,@ariandi6031 pakde jokowi nolak jabatan 3 periode,"['pakde', 'jokowi', 'nolak', 'jabatan', 'periode']",<FreqDist with 5 samples and 5 outcomes>,"['pakde', 'jokowi', 'nolak', 'jabatan', 'periode']","['pakde', 'jokowi', 'nolak', 'jabat', 'periode']"
53,53,2022-04-12T07:32:41.000Z,1284414133845151745,1513782138642079745,Jokowi Siang Ini Lantik Anggota KPU dan Bawaslu 2022-2027 https://t.co/4fLTnfEHA2,jokowi siang ini lantik anggota kpu dan bawaslu 2022-2027 https://t.co/4fltnfeha2,"['jokowi', 'siang', 'ini', 'lantik', 'anggota', 'kpu', 'dan', 'bawaslu']",<FreqDist with 8 samples and 8 outcomes>,"['jokowi', 'siang', 'lantik', 'anggota', 'kpu', 'bawaslu']","['jokowi', 'siang', 'lantik', 'anggota', 'kpu', 'bawaslu']"
54,54,2022-04-12T07:32:41.000Z,1491649474392825858,1513782138549637120,@jokowi Alhamdulilah hirobbil Al-Amin moga berkah pak ü§≤üí™üí™üí™,@jokowi alhamdulilah hirobbil al-amin moga berkah pak ü§≤üí™üí™üí™,"['alhamdulilah', 'hirobbil', 'alamin', 'moga', 'berkah', 'pak']",<FreqDist with 6 samples and 6 outcomes>,"['alhamdulilah', 'hirobbil', 'alamin', 'moga', 'berkah']","['alhamdulilah', 'hirobbil', 'alamin', 'moga', 'berkah']"
55,55,2022-04-12T07:32:40.000Z,1428316351714631687,1513782133612896256,@vita_AVP @ListyoSigitP Salah pilih nih Pak Jokowi...,@vita_avp @listyosigitp salah pilih nih pak jokowi...,"['avp', 'salah', 'pilih', 'nih', 'pak', 'jokowi']",<FreqDist with 6 samples and 6 outcomes>,"['avp', 'salah', 'pilih', 'jokowi']","['avp', 'salah', 'pilih', 'jokowi']"
56,56,2022-04-12T07:32:39.000Z,1509813187734302720,1513782130664374276,@jokowi sehat selalu ya buat bapakü•∞,@jokowi sehat selalu ya buat bapakü•∞,"['sehat', 'selalu', 'ya', 'buat', 'bapak']",<FreqDist with 5 samples and 5 outcomes>,['sehat'],['sehat']
57,57,2022-04-12T07:32:36.000Z,143345585,1513782117800775685,@yunartowijaya Jadi yang ngegebugin bang Ade Armando itu pengen Pak Jokowi 3 periode. Kok malu2 Kadrun sih? üòÖ,@yunartowijaya jadi yang ngegebugin bang ade armando itu pengen pak jokowi 3 periode. kok malu2 kadrun sih? üòÖ,"['jadi', 'yang', 'ngegebugin', 'bang', 'ade', 'armando', 'itu', 'pengen', 'pak', 'jokowi', 'periode', 'kok', 'malu', 'kadrun', 'sih']",<FreqDist with 15 samples and 15 outcomes>,"['ngegebugin', 'bang', 'ade', 'armando', 'pengen', 'jokowi', 'periode', 'malu', 'kadrun']","['ngegebugin', 'bang', 'ade', 'armando', 'ken', 'jokowi', 'periode', 'malu', 'kadrun']"
58,58,2022-04-12T07:32:32.000Z,1513355659185901576,1513782100264042497,"@jokowi Sebaiknya klo udah ga mampu mundur aja,bpk ninggalin utang gpp yg penting jgn nambah,nambah semrawut,nambah ekonomi meroket","@jokowi sebaiknya klo udah ga mampu mundur aja,bpk ninggalin utang gpp yg penting jgn nambah,nambah semrawut,nambah ekonomi meroket","['sebaiknya', 'klo', 'udah', 'ga', 'mampu', 'mundur', 'ajabpk', 'ninggalin', 'utang', 'gpp', 'yg', 'penting', 'jgn', 'nambahnambah', 'semrawutnambah', 'ekonomi', 'meroket']",<FreqDist with 17 samples and 17 outcomes>,"['udah', 'mundur', 'ajabpk', 'ninggalin', 'utang', 'gpp', 'nambahnambah', 'semrawutnambah', 'ekonomi', 'meroket']","['udah', 'mundur', 'ajabpk', 'ninggalin', 'utang', 'gpp', 'nambahnambah', 'semrawutnambah', 'ekonomi', 'roket']"
59,59,2022-04-12T07:32:26.000Z,2151075390,1513782075651858434,"@detikcom hahha, @jokowi","@detikcom hahha, @jokowi",['hahha'],<FreqDist with 1 samples and 1 outcomes>,['hahha'],['hahha']
60,60,2022-04-12T07:32:25.000Z,984612852,1513782071684059139,"Jokowi Lantik Komisioner KPU dan Bawaslu 

Selengkapnya klik tautan berikut ini.
#jakarta #presiden #pelantikan #komisioner #kpu #bawaslu 

https://t.co/6YBhJ73lsC","jokowi lantik komisioner kpu dan bawaslu 

selengkapnya klik tautan berikut ini.
#jakarta #presiden #pelantikan #komisioner #kpu #bawaslu 

https://t.co/6ybhj73lsc","['jokowi', 'lantik', 'komisioner', 'kpu', 'dan', 'bawaslu', 'selengkapnya', 'klik', 'tautan', 'berikut', 'ini']",<FreqDist with 11 samples and 11 outcomes>,"['jokowi', 'lantik', 'komisioner', 'kpu', 'bawaslu', 'selengkapnya', 'klik', 'tautan']","['jokowi', 'lantik', 'komisioner', 'kpu', 'bawaslu', 'lengkap', 'klik', 'taut']"
61,61,2022-04-12T07:32:16.000Z,154102750,1513782035240095744,Presiden Jokowi Lantik Komisioner KPU dan Bawaslu Periode 2022-2027 https://t.co/MdX6YUrAzH https://t.co/Pw9YaYtgUZ,presiden jokowi lantik komisioner kpu dan bawaslu periode 2022-2027 https://t.co/mdx6yurazh https://t.co/pw9yaytguz,"['presiden', 'jokowi', 'lantik', 'komisioner', 'kpu', 'dan', 'bawaslu', 'periode']",<FreqDist with 8 samples and 8 outcomes>,"['presiden', 'jokowi', 'lantik', 'komisioner', 'kpu', 'bawaslu', 'periode']","['presiden', 'jokowi', 'lantik', 'komisioner', 'kpu', 'bawaslu', 'periode']"
62,62,2022-04-12T07:32:12.000Z,1471389939443003399,1513782018793881602,@MangkuNegara4 @AgusSup39011241 @AgusYudhoyono @PDemokrat @jokowi @SBYudhoyono @Pak_JK @airlangga_hrt @cakimiNOW @sandiuno @Nurmantyo_Gatot Duwit yang takan habis sampai 7turunan memang harus berkurang karena didapat dari cara2 kurang baik,@mangkunegara4 @agussup39011241 @agusyudhoyono @pdemokrat @jokowi @sbyudhoyono @pak_jk @airlangga_hrt @cakiminow @sandiuno @nurmantyo_gatot duwit yang takan habis sampai 7turunan memang harus berkurang karena didapat dari cara2 kurang baik,"['jk', 'hrt', 'gatot', 'duwit', 'yang', 'takan', 'habis', 'sampai', 'turunan', 'memang', 'harus', 'berkurang', 'karena', 'didapat', 'dari', 'cara', 'kurang', 'baik']",<FreqDist with 18 samples and 18 outcomes>,"['jk', 'hrt', 'gatot', 'duwit', 'takan', 'habis', 'turunan', 'berkurang']","['jk', 'hrt', 'gatot', 'duwit', 'tak', 'habis', 'turun', 'kurang']"
63,63,2022-04-12T07:32:11.000Z,1398465043746856962,1513782012938977281,@yenajigeumina jokowi,@yenajigeumina jokowi,['jokowi'],<FreqDist with 1 samples and 1 outcomes>,['jokowi'],['jokowi']
64,64,2022-04-12T07:32:07.000Z,709721068856954880,1513781999290384386,@JacksQuevara @sehat_roemah @jokowi @ganjarpranowo @hputrasoeharto KecilikanüòÅ,@jacksquevara @sehat_roemah @jokowi @ganjarpranowo @hputrasoeharto kecilikanüòÅ,"['roemah', 'kecilikan']",<FreqDist with 2 samples and 2 outcomes>,"['roemah', 'kecilikan']","['roemah', 'cili']"
65,65,2022-04-12T07:32:06.000Z,123757780,1513781994848587776,"Selain Tuntut Jokowi Turun, Demonstran Serukan Khilafah: Islam Solusi Keadilan: Sebuah video yang memperlihatkan massa demonstran tak hanya menuntut Presiden Jokowi turun dari jabatannya melainkan juga menyerukan penerapan‚Ä¶ https://t.co/o8QTH744BN #News #jokowiturun #khilafah","selain tuntut jokowi turun, demonstran serukan khilafah: islam solusi keadilan: sebuah video yang memperlihatkan massa demonstran tak hanya menuntut presiden jokowi turun dari jabatannya melainkan juga menyerukan penerapan‚Ä¶ https://t.co/o8qth744bn #news #jokowiturun #khilafah","['selain', 'tuntut', 'jokowi', 'turun', 'demonstran', 'serukan', 'khilafah', 'islam', 'solusi', 'keadilan', 'sebuah', 'video', 'yang', 'memperlihatkan', 'massa', 'demonstran', 'tak', 'hanya', 'menuntut', 'presiden', 'jokowi', 'turun', 'dari', 'jabatannya', 'melainkan', 'juga', 'menyerukan', 'penerapan']",<FreqDist with 25 samples and 28 outcomes>,"['tuntut', 'jokowi', 'turun', 'demonstran', 'serukan', 'khilafah', 'islam', 'solusi', 'keadilan', 'video', 'massa', 'demonstran', 'menuntut', 'presiden', 'jokowi', 'turun', 'jabatannya', 'menyerukan', 'penerapan']","['tuntut', 'jokowi', 'turun', 'demonstran', 'seru', 'khilafah', 'islam', 'solusi', 'adil', 'video', 'massa', 'demonstran', 'tuntut', 'presiden', 'jokowi', 'turun', 'jabat', 'seru', 'terap']"
66,66,2022-04-12T07:31:57.000Z,1873449728,1513781956239974400,@nadiraayubi_ @kangdede78 @jokowi Kok ngak nampak ngawa ? NGUMPETKAH ?,@nadiraayubi_ @kangdede78 @jokowi kok ngak nampak ngawa ? ngumpetkah ?,"['kok', 'ngak', 'nampak', 'ngawa', 'ngumpetkah']",<FreqDist with 5 samples and 5 outcomes>,"['ngak', 'nampak', 'ngawa', 'ngumpetkah']","['ngak', 'nampak', 'ngawa', 'ngumpetkah']"
67,67,2022-04-12T07:31:57.000Z,1493214083554103297,1513781955334385670,"@MrsRachelIn @jokowi Sepertinya ada benang merahnya,
Dana demo gak sedikit kan.ü´£","@mrsrachelin @jokowi sepertinya ada benang merahnya,
dana demo gak sedikit kan.ü´£","['sepertinya', 'ada', 'benang', 'merahnya', 'dana', 'demo', 'gak', 'sedikit', 'kan']",<FreqDist with 9 samples and 9 outcomes>,"['benang', 'merahnya', 'dana', 'demo']","['benang', 'merah', 'dana', 'demo']"
68,68,2022-04-12T07:31:57.000Z,4519796599,1513781954457800705,"@dek_bintank Hari ini 12 April 2022, presidenmu masih JOKOWI...uuurrraaaa","@dek_bintank hari ini 12 april 2022, presidenmu masih jokowi...uuurrraaaa","['bintank', 'hari', 'ini', 'april', 'presidenmu', 'masih', 'jokowiuuurrraaaa']",<FreqDist with 7 samples and 7 outcomes>,"['bintank', 'april', 'presidenmu', 'jokowiuuurrraaaa']","['bintank', 'april', 'presiden', 'jokowiuuurrraaaa']"
69,69,2022-04-12T07:31:54.000Z,4189535786,1513781941375746054,@kkpgoid @budidayakkp @jokowi @itjen_kkp @swtrenggono @tahang_m @KPK_RI @rbkunwas,@kkpgoid @budidayakkp @jokowi @itjen_kkp @swtrenggono @tahang_m @kpk_ri @rbkunwas,"['kkp', 'ri']",<FreqDist with 2 samples and 2 outcomes>,"['kkp', 'ri']","['kkp', 'ri']"
70,70,2022-04-12T07:31:50.000Z,125923625,1513781925135101953,"@megantari_jogja @jokowi Pertemuan hari ini membahas Laporan Tahunan Ombudsman RI. Ada bnyk topik yg didiskusikan. Hasilnya, Presiden secara serius akan menindaklanjuti semua saran &amp; rekomendasi Ombudsman RI, trmsk terkait dgn minyak goreng. Semoga kebijakan ke depan bisa berdampak positif utk kita semua","@megantari_jogja @jokowi pertemuan hari ini membahas laporan tahunan ombudsman ri. ada bnyk topik yg didiskusikan. hasilnya, presiden secara serius akan menindaklanjuti semua saran &amp; rekomendasi ombudsman ri, trmsk terkait dgn minyak goreng. semoga kebijakan ke depan bisa berdampak positif utk kita semua","['jogja', 'pertemuan', 'hari', 'ini', 'membahas', 'laporan', 'tahunan', 'ombudsman', 'ri', 'ada', 'bnyk', 'topik', 'yg', 'didiskusikan', 'hasilnya', 'presiden', 'secara', 'serius', 'akan', 'menindaklanjuti', 'semua', 'saran', 'amp', 'rekomendasi', 'ombudsman', 'ri', 'trmsk', 'terkait', 'dgn', 'minyak', 'goreng', 'semoga', 'kebijakan', 'ke', 'depan', 'bisa', 'berdampak', 'positif', 'utk', 'kita', 'semua']",<FreqDist with 38 samples and 41 outcomes>,"['jogja', 'pertemuan', 'membahas', 'laporan', 'tahunan', 'ombudsman', 'ri', 'bnyk', 'topik', 'didiskusikan', 'hasilnya', 'presiden', 'serius', 'menindaklanjuti', 'saran', 'rekomendasi', 'ombudsman', 'ri', 'trmsk', 'terkait', 'minyak', 'goreng', 'semoga', 'kebijakan', 'berdampak', 'positif']","['jogja', 'temu', 'bahas', 'lapor', 'tahun', 'ombudsman', 'ri', 'bnyk', 'topik', 'diskusi', 'hasil', 'presiden', 'serius', 'menindaklanjuti', 'saran', 'rekomendasi', 'ombudsman', 'ri', 'trmsk', 'kait', 'minyak', 'goreng', 'moga', 'bijak', 'dampak', 'positif']"
71,71,2022-04-12T07:31:49.000Z,624259632,1513781923491233792,@kenzo78418261 @Der16502284 @layla_zaeyn @jokowi pendapatnya ga harus nyerang personal bisa gak? jelek bgt komen lu,@kenzo78418261 @der16502284 @layla_zaeyn @jokowi pendapatnya ga harus nyerang personal bisa gak? jelek bgt komen lu,"['zaeyn', 'pendapatnya', 'ga', 'harus', 'nyerang', 'personal', 'bisa', 'gak', 'jelek', 'bgt', 'komen', 'lu']",<FreqDist with 12 samples and 12 outcomes>,"['zaeyn', 'pendapatnya', 'nyerang', 'personal', 'jelek', 'bgt', 'komen', 'lu']","['zaeyn', 'dapat', 'nyerang', 'personal', 'jelek', 'bgt', 'komen', 'lu']"
72,72,2022-04-12T07:31:47.000Z,1463466055880232963,1513781913600856065,Presiden Jokowi Lantik Anggota KPU dan Bawaslu Masa Jabatan¬†2022-2027 https://t.co/d5JmoajWv5,presiden jokowi lantik anggota kpu dan bawaslu masa jabatan¬†2022-2027 https://t.co/d5jmoajwv5,"['presiden', 'jokowi', 'lantik', 'anggota', 'kpu', 'dan', 'bawaslu', 'masa', 'jabatan']",<FreqDist with 9 samples and 9 outcomes>,"['presiden', 'jokowi', 'lantik', 'anggota', 'kpu', 'bawaslu', 'jabatan']","['presiden', 'jokowi', 'lantik', 'anggota', 'kpu', 'bawaslu', 'jabat']"
73,73,2022-04-12T07:31:46.000Z,1269629023421779968,1513781910790582276,"@zacky_enf @moslem_nkri @jokowi Nda tau juga ya.. 
Bisa aja lakban kardusnya di silet,seketika isi kardus kotak suara berubah
Ajaib khan..","@zacky_enf @moslem_nkri @jokowi nda tau juga ya.. 
bisa aja lakban kardusnya di silet,seketika isi kardus kotak suara berubah
ajaib khan..","['enf', 'nkri', 'nda', 'tau', 'juga', 'ya', 'bisa', 'aja', 'lakban', 'kardusnya', 'di', 'siletseketika', 'isi', 'kardus', 'kotak', 'suara', 'berubah', 'ajaib', 'khan']",<FreqDist with 19 samples and 19 outcomes>,"['enf', 'nkri', 'nda', 'lakban', 'kardusnya', 'siletseketika', 'isi', 'kardus', 'kotak', 'suara', 'berubah', 'ajaib', 'khan']","['enf', 'nkri', 'nda', 'lakban', 'kardus', 'siletseketika', 'isi', 'kardus', 'kotak', 'suara', 'ubah', 'ajaib', 'khan']"
74,74,2022-04-12T07:31:44.000Z,1358629920084094976,1513781900657426434,"@RamliRizal Tuhan telah memilih dan mengutus utusanya utk menyelamatkan nkri dari para koruptor,para pendengki.yaitu presiden jokowi yg menang mutlak sah di pilih rakyat indonesia","@ramlirizal tuhan telah memilih dan mengutus utusanya utk menyelamatkan nkri dari para koruptor,para pendengki.yaitu presiden jokowi yg menang mutlak sah di pilih rakyat indonesia","['tuhan', 'telah', 'memilih', 'dan', 'mengutus', 'utusanya', 'utk', 'menyelamatkan', 'nkri', 'dari', 'para', 'koruptorpara', 'pendengkiyaitu', 'presiden', 'jokowi', 'yg', 'menang', 'mutlak', 'sah', 'di', 'pilih', 'rakyat', 'indonesia']",<FreqDist with 23 samples and 23 outcomes>,"['tuhan', 'memilih', 'mengutus', 'utusanya', 'menyelamatkan', 'nkri', 'koruptorpara', 'pendengkiyaitu', 'presiden', 'jokowi', 'menang', 'mutlak', 'sah', 'pilih', 'rakyat', 'indonesia']","['tuhan', 'pilih', 'utus', 'utusanya', 'selamat', 'nkri', 'koruptorpara', 'pendengkiyaitu', 'presiden', 'jokowi', 'menang', 'mutlak', 'sah', 'pilih', 'rakyat', 'indonesia']"
75,75,2022-04-12T07:31:41.000Z,713611753,1513781890075213829,@bulantasik @VerrBoden @DokterTifa Mengaku Islam tp melihat kenyataan jika Allah melindungi pak Jokowi &amp; negara ini kok kepanasan? Kok menyangkal?,@bulantasik @verrboden @doktertifa mengaku islam tp melihat kenyataan jika allah melindungi pak jokowi &amp; negara ini kok kepanasan? kok menyangkal?,"['mengaku', 'islam', 'tp', 'melihat', 'kenyataan', 'jika', 'allah', 'melindungi', 'pak', 'jokowi', 'amp', 'negara', 'ini', 'kok', 'kepanasan', 'kok', 'menyangkal']",<FreqDist with 16 samples and 17 outcomes>,"['mengaku', 'islam', 'tp', 'kenyataan', 'allah', 'melindungi', 'jokowi', 'negara', 'kepanasan', 'menyangkal']","['aku', 'islam', 'tp', 'nyata', 'allah', 'lindung', 'jokowi', 'negara', 'panas', 'sangkal']"
76,76,2022-04-12T07:31:39.000Z,1346305256762720256,1513781880528654339,"@yungsgy Yg beliin Jokowi, Bro? ü§≠","@yungsgy yg beliin jokowi, bro? ü§≠","['yg', 'beliin', 'jokowi', 'bro']",<FreqDist with 4 samples and 4 outcomes>,"['beliin', 'jokowi', 'bro']","['beliin', 'jokowi', 'bro']"
77,77,2022-04-12T07:31:34.000Z,942835436736487424,1513781856851832833,Emak emak ingin Jokowi mundur.nah gimana tanggapan anda?? https://t.co/MYSYbIqNWL,emak emak ingin jokowi mundur.nah gimana tanggapan anda?? https://t.co/mysybiqnwl,"['emak', 'emak', 'ingin', 'jokowi', 'mundurnah', 'gimana', 'tanggapan', 'anda']",<FreqDist with 7 samples and 8 outcomes>,"['emak', 'emak', 'jokowi', 'mundurnah', 'gimana', 'tanggapan']","['emak', 'emak', 'jokowi', 'mundurnah', 'gimana', 'tanggap']"
78,78,2022-04-12T07:31:33.000Z,1196324488607985665,1513781852850425856,@vita_AVP @ListyoSigitP @jokowi  salah pilih pala pulisih.  Ganti,@vita_avp @listyosigitp @jokowi  salah pilih pala pulisih.  ganti,"['avp', 'salah', 'pilih', 'pala', 'pulisih', 'ganti']",<FreqDist with 6 samples and 6 outcomes>,"['avp', 'salah', 'pilih', 'pala', 'pulisih', 'ganti']","['avp', 'salah', 'pilih', 'pala', 'pulisih', 'ganti']"
79,79,2022-04-12T07:31:31.000Z,817724394294214657,1513781847398170624,"@saiful_mujani @ferrykoto Yang Biadab dan Kejam itu,, Pendukung Jokowi,, Karena Membunuh, Menyiksa pihak OPOSISI dan Anggota FPI,, Ade Armando Masih Hidup,,, https://t.co/Ep8RIaxQlA","@saiful_mujani @ferrykoto yang biadab dan kejam itu,, pendukung jokowi,, karena membunuh, menyiksa pihak oposisi dan anggota fpi,, ade armando masih hidup,,, https://t.co/ep8riaxqla","['mujani', 'yang', 'biadab', 'dan', 'kejam', 'itu', 'pendukung', 'jokowi', 'karena', 'membunuh', 'menyiksa', 'pihak', 'oposisi', 'dan', 'anggota', 'fpi', 'ade', 'armando', 'masih', 'hidup']",<FreqDist with 19 samples and 20 outcomes>,"['mujani', 'biadab', 'kejam', 'pendukung', 'jokowi', 'membunuh', 'menyiksa', 'oposisi', 'anggota', 'fpi', 'ade', 'armando', 'hidup']","['mujani', 'biadab', 'kejam', 'dukung', 'jokowi', 'bunuh', 'siksa', 'oposisi', 'anggota', 'fpi', 'ade', 'armando', 'hidup']"
80,80,2022-04-12T07:31:30.000Z,335775232,1513781841458696194,Kalau Jokowi berani mecat opung luhud wah fix hokage Naruto lewat~,kalau jokowi berani mecat opung luhud wah fix hokage naruto lewat~,"['kalau', 'jokowi', 'berani', 'mecat', 'opung', 'luhud', 'wah', 'fix', 'hokage', 'naruto', 'lewat']",<FreqDist with 11 samples and 11 outcomes>,"['jokowi', 'berani', 'mecat', 'opung', 'luhud', 'fix', 'hokage', 'naruto']","['jokowi', 'berani', 'mecat', 'opung', 'luhud', 'fix', 'hokage', 'naruto']"
81,81,2022-04-12T07:31:25.000Z,1497851922476273665,1513781822765015043,@EriekaAmelia @goensaja @jokowi @gibran_tweet Penggemar #bolibanteradikalis juga nih mbak @EriekaAmelia walau terpaksa üòÖ,@eriekaamelia @goensaja @jokowi @gibran_tweet penggemar #bolibanteradikalis juga nih mbak @eriekaamelia walau terpaksa üòÖ,"['tweet', 'penggemar', 'juga', 'nih', 'mbak', 'walau', 'terpaksa']",<FreqDist with 7 samples and 7 outcomes>,"['tweet', 'penggemar', 'mbak', 'terpaksa']","['tweet', 'gemar', 'mbak', 'paksa']"
82,82,2022-04-12T07:31:17.000Z,1152110797293670401,1513781787281231873,"Agak debatable di JK. 

dia sih utang budi ke Jokowi dengan ""penerbangan pengobatan diam2"" tanpa publik ngeh. Ke Jerman

Tapi nusuk Jokowi bolakbalik. 
212 lah 
Pilkada DKI lah. 
Push Anies segala caralah https://t.co/0DwiHYVhMg","agak debatable di jk. 

dia sih utang budi ke jokowi dengan ""penerbangan pengobatan diam2"" tanpa publik ngeh. ke jerman

tapi nusuk jokowi bolakbalik. 
212 lah 
pilkada dki lah. 
push anies segala caralah https://t.co/0dwihyvhmg","['agak', 'debatable', 'di', 'jk', 'dia', 'sih', 'utang', 'budi', 'ke', 'jokowi', 'dengan', 'penerbangan', 'pengobatan', 'diam', 'tanpa', 'publik', 'ngeh', 'ke', 'jerman', 'tapi', 'nusuk', 'jokowi', 'bolakbalik', 'lah', 'pilkada', 'dki', 'lah', 'push', 'anies', 'segala', 'caralah']",<FreqDist with 28 samples and 31 outcomes>,"['debatable', 'jk', 'utang', 'budi', 'jokowi', 'penerbangan', 'pengobatan', 'diam', 'publik', 'ngeh', 'jerman', 'nusuk', 'jokowi', 'bolakbalik', 'pilkada', 'dki', 'push', 'anies', 'caralah']","['debatable', 'jk', 'utang', 'budi', 'jokowi', 'terbang', 'obat', 'diam', 'publik', 'ngeh', 'jerman', 'nusuk', 'jokowi', 'bolakbalik', 'pilkada', 'dki', 'push', 'anies', 'cara']"
83,83,2022-04-12T07:31:15.000Z,1078739988877963264,1513781778968121350,"@gitaaaayuuuu @BEMUI_Official emng dari awal narasinya bukan 3 periode, tapi buat nurunin jokowi dari posisinya sebagai presiden","@gitaaaayuuuu @bemui_official emng dari awal narasinya bukan 3 periode, tapi buat nurunin jokowi dari posisinya sebagai presiden","['official', 'emng', 'dari', 'awal', 'narasinya', 'bukan', 'periode', 'tapi', 'buat', 'nurunin', 'jokowi', 'dari', 'posisinya', 'sebagai', 'presiden']",<FreqDist with 14 samples and 15 outcomes>,"['official', 'emng', 'narasinya', 'periode', 'nurunin', 'jokowi', 'posisinya', 'presiden']","['official', 'emng', 'narasi', 'periode', 'nurunin', 'jokowi', 'posisi', 'presiden']"
84,84,2022-04-12T07:31:07.000Z,1453173401342779395,1513781746919161856,Viral Lagi Pernyataan Jokowi Kangen Didemo dan Janji Siapkan Makanan dan¬†Minuman https://t.co/WUebNdgqxG,viral lagi pernyataan jokowi kangen didemo dan janji siapkan makanan dan¬†minuman https://t.co/wuebndgqxg,"['viral', 'lagi', 'pernyataan', 'jokowi', 'kangen', 'didemo', 'dan', 'janji', 'siapkan', 'makanan', 'danminuman']",<FreqDist with 11 samples and 11 outcomes>,"['viral', 'pernyataan', 'jokowi', 'kangen', 'didemo', 'janji', 'siapkan', 'makanan', 'danminuman']","['viral', 'nyata', 'jokowi', 'kangen', 'demo', 'janji', 'siap', 'makan', 'danminuman']"
85,85,2022-04-12T07:31:01.000Z,1495948068587737088,1513781721258344450,@ariandi6031 Saya selalu dukung Pakde Jokowi,@ariandi6031 saya selalu dukung pakde jokowi,"['saya', 'selalu', 'dukung', 'pakde', 'jokowi']",<FreqDist with 5 samples and 5 outcomes>,"['dukung', 'pakde', 'jokowi']","['dukung', 'pakde', 'jokowi']"
86,86,2022-04-12T07:31:01.000Z,919723302116999170,1513781719216046083,"@satriaxbrandal @jokowi @cakimiNOW @AremaNita__ @Jelantik5 @cucu_mbahDharma @AswantGardapati Wacana penundaan pemilu yg dilontarkan mereka yg bikin mahasiswa jadi turun ke jalan, dan lagi lagi Jokowi yg disalahkan","@satriaxbrandal @jokowi @cakiminow @aremanita__ @jelantik5 @cucu_mbahdharma @aswantgardapati wacana penundaan pemilu yg dilontarkan mereka yg bikin mahasiswa jadi turun ke jalan, dan lagi lagi jokowi yg disalahkan","['mbahdharma', 'wacana', 'penundaan', 'pemilu', 'yg', 'dilontarkan', 'mereka', 'yg', 'bikin', 'mahasiswa', 'jadi', 'turun', 'ke', 'jalan', 'dan', 'lagi', 'lagi', 'jokowi', 'yg', 'disalahkan']",<FreqDist with 17 samples and 20 outcomes>,"['mbahdharma', 'wacana', 'penundaan', 'pemilu', 'dilontarkan', 'mahasiswa', 'turun', 'jalan', 'jokowi', 'disalahkan']","['mbahdharma', 'wacana', 'tunda', 'milu', 'lontar', 'mahasiswa', 'turun', 'jalan', 'jokowi', 'salah']"
87,87,2022-04-12T07:30:59.000Z,1497587832835407875,1513781712253505539,@ariandi6031 Jokowi pemimpin yang merakyat,@ariandi6031 jokowi pemimpin yang merakyat,"['jokowi', 'pemimpin', 'yang', 'merakyat']",<FreqDist with 4 samples and 4 outcomes>,"['jokowi', 'pemimpin', 'merakyat']","['jokowi', 'pimpin', 'rakyat']"
88,88,2022-04-12T07:30:56.000Z,1067959794328162304,1513781697909002250,"@GeiszChalifah Demo anarkis membuat perjuangan mahasiswa ternoda.
Saya sepakat demo mahasiswa unt menekan kinerja pemerintah Jokowi supaya lebih pentingkan kebutuhan rakyatnya","@geiszchalifah demo anarkis membuat perjuangan mahasiswa ternoda.
saya sepakat demo mahasiswa unt menekan kinerja pemerintah jokowi supaya lebih pentingkan kebutuhan rakyatnya","['demo', 'anarkis', 'membuat', 'perjuangan', 'mahasiswa', 'ternoda', 'saya', 'sepakat', 'demo', 'mahasiswa', 'unt', 'menekan', 'kinerja', 'pemerintah', 'jokowi', 'supaya', 'lebih', 'pentingkan', 'kebutuhan', 'rakyatnya']",<FreqDist with 18 samples and 20 outcomes>,"['demo', 'anarkis', 'perjuangan', 'mahasiswa', 'ternoda', 'sepakat', 'demo', 'mahasiswa', 'unt', 'menekan', 'kinerja', 'pemerintah', 'jokowi', 'pentingkan', 'kebutuhan', 'rakyatnya']","['demo', 'anarkis', 'juang', 'mahasiswa', 'noda', 'sepakat', 'demo', 'mahasiswa', 'unt', 'tekan', 'kerja', 'perintah', 'jokowi', 'penting', 'butuh', 'rakyat']"
89,89,2022-04-12T07:30:55.000Z,1497587757387960322,1513781693169102848,@ariandi6031 Jokowi menegaskan tak berminat jadi presiden selama tiga periode,@ariandi6031 jokowi menegaskan tak berminat jadi presiden selama tiga periode,"['jokowi', 'menegaskan', 'tak', 'berminat', 'jadi', 'presiden', 'selama', 'tiga', 'periode']",<FreqDist with 9 samples and 9 outcomes>,"['jokowi', 'berminat', 'presiden', 'periode']","['jokowi', 'minat', 'presiden', 'periode']"
90,90,2022-04-12T07:30:52.000Z,1310287386811625472,1513781684269125634,"@katanyahasan @wtfmsdpn @ChusnulCh__ @jokowi @mohmahfudmd @ListyoSigitP Tanya mbak rara aja mas, siapa tau kendi sakti nya bisa ngasi jawaban. https://t.co/v6wjjGgrNu","@katanyahasan @wtfmsdpn @chusnulch__ @jokowi @mohmahfudmd @listyosigitp tanya mbak rara aja mas, siapa tau kendi sakti nya bisa ngasi jawaban. https://t.co/v6wjjggrnu","['tanya', 'mbak', 'rara', 'aja', 'mas', 'siapa', 'tau', 'kendi', 'sakti', 'nya', 'bisa', 'ngasi', 'jawaban']",<FreqDist with 13 samples and 13 outcomes>,"['mbak', 'rara', 'mas', 'kendi', 'sakti', 'ngasi']","['mbak', 'rara', 'mas', 'kendi', 'sakti', 'ngasi']"
91,91,2022-04-12T07:30:51.000Z,302475991,1513781680167088140,daftar #nexmedia hub: 08568931707 klik jg https://t.co/tqrzNsuuTi pesan langsung antar #jokowi #indonesia #jakarta,daftar #nexmedia hub: 08568931707 klik jg https://t.co/tqrznsuuti pesan langsung antar #jokowi #indonesia #jakarta,"['daftar', 'hub', 'klik', 'jg', 'pesan', 'langsung', 'antar']",<FreqDist with 7 samples and 7 outcomes>,"['daftar', 'hub', 'klik', 'jg', 'pesan', 'langsung']","['daftar', 'hub', 'klik', 'jg', 'pesan', 'langsung']"
92,92,2022-04-12T07:30:50.000Z,1440226712642461702,1513781674802581506,@ariandi6031 Presiden Jokowi meminta para menteri sensitif pada kesulitan rakyat serta memiliki empati,@ariandi6031 presiden jokowi meminta para menteri sensitif pada kesulitan rakyat serta memiliki empati,"['presiden', 'jokowi', 'meminta', 'para', 'menteri', 'sensitif', 'pada', 'kesulitan', 'rakyat', 'serta', 'memiliki', 'empati']",<FreqDist with 12 samples and 12 outcomes>,"['presiden', 'jokowi', 'menteri', 'sensitif', 'kesulitan', 'rakyat', 'memiliki', 'empati']","['presiden', 'jokowi', 'menteri', 'sensitif', 'sulit', 'rakyat', 'milik', 'empati']"
93,93,2022-04-12T07:30:49.000Z,1396062910204416003,1513781671467778049,@ariandi6031 Pendukung Jokowi taat konstitusi 2 periode,@ariandi6031 pendukung jokowi taat konstitusi 2 periode,"['pendukung', 'jokowi', 'taat', 'konstitusi', 'periode']",<FreqDist with 5 samples and 5 outcomes>,"['pendukung', 'jokowi', 'taat', 'konstitusi', 'periode']","['dukung', 'jokowi', 'taat', 'konstitusi', 'periode']"
94,94,2022-04-12T07:30:46.000Z,1010870787618697216,1513781655898849284,"@faizalassegaf @jokowi Aseli, orang ternyata aneh &amp; tidak berguna","@faizalassegaf @jokowi aseli, orang ternyata aneh &amp; tidak berguna","['aseli', 'orang', 'ternyata', 'aneh', 'amp', 'tidak', 'berguna']",<FreqDist with 7 samples and 7 outcomes>,"['aseli', 'orang', 'aneh', 'berguna']","['aseli', 'orang', 'aneh', 'guna']"
95,95,2022-04-12T07:30:45.000Z,1379431842,1513781654380478466,@Santanha_88 @jokowi Ada apa ini ?,@santanha_88 @jokowi ada apa ini ?,"['ada', 'apa', 'ini']",<FreqDist with 3 samples and 3 outcomes>,[],[]
96,96,2022-04-12T07:30:44.000Z,1332259261129256962,1513781649011781635,"@Kemenag_RI  @jokowi 
Kalian pemimpin mayoritas tercuci otak lewat ceramah aliran terorism. Jd klu kalian dihina dicaci, mrk adalah iblism. Ga usah pikirin ya pak. https://t.co/PibLzIUTLc","@kemenag_ri  @jokowi 
kalian pemimpin mayoritas tercuci otak lewat ceramah aliran terorism. jd klu kalian dihina dicaci, mrk adalah iblism. ga usah pikirin ya pak. https://t.co/piblziutlc","['ri', 'kalian', 'pemimpin', 'mayoritas', 'tercuci', 'otak', 'lewat', 'ceramah', 'aliran', 'terorism', 'jd', 'klu', 'kalian', 'dihina', 'dicaci', 'mrk', 'adalah', 'iblism', 'ga', 'usah', 'pikirin', 'ya', 'pak']",<FreqDist with 22 samples and 23 outcomes>,"['ri', 'pemimpin', 'mayoritas', 'tercuci', 'otak', 'ceramah', 'aliran', 'terorism', 'klu', 'dihina', 'dicaci', 'mrk', 'iblism', 'pikirin']","['ri', 'pimpin', 'mayoritas', 'cuci', 'otak', 'ceramah', 'alir', 'terorism', 'klu', 'hina', 'caci', 'mrk', 'iblism', 'pikirin']"
97,97,2022-04-12T07:30:33.000Z,84447580,1513781600961540096,"Rekam Jejak Komisioner KPU 2022-2027 yang Baru Dilantik Jokowi
https://t.co/z6jrzG8WhT","rekam jejak komisioner kpu 2022-2027 yang baru dilantik jokowi
https://t.co/z6jrzg8wht","['rekam', 'jejak', 'komisioner', 'kpu', 'yang', 'baru', 'dilantik', 'jokowi']",<FreqDist with 8 samples and 8 outcomes>,"['rekam', 'jejak', 'komisioner', 'kpu', 'dilantik', 'jokowi']","['rekam', 'jejak', 'komisioner', 'kpu', 'lantik', 'jokowi']"
98,98,2022-04-12T07:30:31.000Z,1326404439696166912,1513781592723918851,@Maya83206301 @jokowi @ChusnulCh__ @SantorinisSun @DavidWijaya82 @TomCruzz555 Pinter juga nih bpk2 boleh diadu ilmunya nih lawan si didu @msaid_didu botak cebol,@maya83206301 @jokowi @chusnulch__ @santorinissun @davidwijaya82 @tomcruzz555 pinter juga nih bpk2 boleh diadu ilmunya nih lawan si didu @msaid_didu botak cebol,"['pinter', 'juga', 'nih', 'bpk', 'boleh', 'diadu', 'ilmunya', 'nih', 'lawan', 'si', 'didu', 'didu', 'botak', 'cebol']",<FreqDist with 12 samples and 14 outcomes>,"['pinter', 'bpk', 'diadu', 'ilmunya', 'lawan', 'didu', 'didu', 'botak', 'cebol']","['pinter', 'bpk', 'adu', 'ilmu', 'lawan', 'didu', 'didu', 'botak', 'cebol']"
99,99,2022-04-12T07:30:27.000Z,992673313141899264,1513781576995606528,Calon Haji Indonesia Bisa Berangkat Tahun Ini @jokowi https://t.co/0GEqKzgNdI,calon haji indonesia bisa berangkat tahun ini @jokowi https://t.co/0geqkzgndi,"['calon', 'haji', 'indonesia', 'bisa', 'berangkat', 'tahun', 'ini']",<FreqDist with 7 samples and 7 outcomes>,"['calon', 'haji', 'indonesia', 'berangkat']","['calon', 'haji', 'indonesia', 'berangkat']"
